{"sample_predictions": {"true_latitude": [59.545677, 59.54738, 59.549557, 59.553703, 59.555122], "true_longitude": [11.386052, 11.391137, 11.38887, 11.389638, 11.388771], "true_altitude_m": [21667.52, 21574.49, 21510.94, 21442.56, 21415.62], "predicted_latitude": [59.54388, 59.547066, 59.549431, 59.551533, 59.554634], "predicted_longitude": [11.38566, 11.383254, 11.387162, 11.386094, 11.386378], "predicted_altitude_m": [21650.0, 21606.73, 21521.61, 21455.71, 21388.79]}, "metrics": {"Total Flight Path Length (km)": 162.891, "Average Horizontal Error (m)": 312.69, "Average Altitude Error (m)": 53.11, "Average 3D Error (m)": 321.04, "Prediction Error (% of Path)": 0.1971}}